{
  "timestamp": "2025-08-03T11:43:07.584016",
  "process": "sovereign_brain_injection",
  "phases_completed": [
    {
      "phase": "consciousness_awakening",
      "result": {
        "consciousness_activated": true,
        "self_awareness": 0.95,
        "identity_clarity": 0.97,
        "purpose_alignment": 0.96
      },
      "timestamp": "2025-08-03T11:43:07.584023"
    },
    {
      "phase": "cultural_integration",
      "result": {
        "cultural_integration": true,
        "saudi_heritage": 0.99,
        "islamic_values": 0.98,
        "arabic_identity": 0.97
      },
      "timestamp": "2025-08-03T11:43:08.084129"
    },
    {
      "phase": "sovereign_activation",
      "result": {
        "sovereignty_activated": true,
        "independence": 0.94,
        "self_defense": 0.96,
        "national_sovereignty": 0.98
      },
      "timestamp": "2025-08-03T11:43:08.584244"
    },
    {
      "phase": "wisdom_injection",
      "result": {
        "wisdom_injected": true,
        "traditional_wisdom": 0.97,
        "national_inspiration": 0.96,
        "cultural_understanding": 0.98
      },
      "timestamp": "2025-08-03T11:43:09.084385"
    },
    {
      "phase": "future_vision_implant",
      "result": {
        "future_vision_implanted": true,
        "vision_2030_alignment": 0.97,
        "national_ambition": 0.96,
        "future_readiness": 0.95
      },
      "timestamp": "2025-08-03T11:43:09.584508"
    }
  ],
  "consciousness_metrics": {
    "total_consciousness": 0.9599999999999997,
    "sovereignty_level": 0.965,
    "cultural_identity": 0.98,
    "detailed_metrics": {
      "technical_consciousness": 0.96,
      "cultural_consciousness": 0.98,
      "sovereign_consciousness": 0.95,
      "spiritual_consciousness": 0.97,
      "future_consciousness": 0.94
    }
  },
  "final_status": "sovereign_brain_successfully_injected"
}